volatile acidity,citric acid,total sulfur dioxide,density,sulphates,alcohol,quality
0.7,0.0,34.0,0.9978,0.56,9.4,0
0.88,0.0,67.0,0.9968,0.68,9.8,0
0.76,0.04,54.0,0.997,0.65,9.8,0
0.28,0.56,60.0,0.998,0.58,9.8,0
0.7,0.0,34.0,0.9978,0.56,9.4,0
0.66,0.0,40.0,0.9978,0.56,9.4,0
0.6,0.06,59.0,0.9964,0.46,9.4,0
0.65,0.0,21.0,0.9946,0.47,10.0,1
0.58,0.02,18.0,0.9968,0.57,9.5,1
0.5,0.36,102.0,0.9978,0.8,10.5,0
0.58,0.08,65.0,0.9959,0.54,9.2,0
0.5,0.36,102.0,0.9978,0.8,10.5,0
0.615,0.0,59.0,0.9943,0.52,9.9,0
0.62,0.18,145.0,0.9986,0.88,9.2,0
0.28,0.56,103.0,0.9969,0.75,10.5,1
0.59,0.08,29.0,0.9974,0.5,9.0,0
0.32,0.51,56.0,0.9969,1.08,9.2,0
0.22,0.48,60.0,0.9968,0.53,9.4,0
0.39,0.31,71.0,0.9982,0.65,9.7,0
0.43,0.21,37.0,0.9966,0.91,9.5,0
0.49,0.11,67.0,0.9968,0.53,9.4,0
0.4,0.14,40.0,0.9968,0.63,9.7,0
0.39,0.16,23.0,0.9955,0.56,9.3,0
0.41,0.24,11.0,0.9962,0.59,9.5,0
0.43,0.21,37.0,0.9966,0.91,9.5,0
0.71,0.0,35.0,0.9972,0.55,9.4,0
0.645,0.0,16.0,0.9964,0.59,9.8,0
0.675,0.07,82.0,0.9958,0.54,10.1,0
0.685,0.0,37.0,0.9966,0.57,10.6,0
0.655,0.12,113.0,0.9966,0.66,9.8,0
0.605,0.12,83.0,0.9993,0.52,9.4,0
0.32,0.25,50.0,0.9957,0.55,9.2,0
0.645,0.0,18.0,0.9986,0.55,9.6,0
0.6,0.14,15.0,0.9975,0.6,10.8,0
0.38,0.28,30.0,0.9968,0.73,9.7,1
0.45,0.36,87.0,0.9978,0.83,10.5,0
0.45,0.36,87.0,0.9978,0.83,10.5,0
0.61,0.3,46.0,0.9976,0.51,9.3,0
0.49,0.2,14.0,0.9968,0.9,10.5,0
0.67,0.02,11.0,0.9962,0.52,9.5,0
0.52,0.15,65.0,0.9934,0.56,13.1,0
0.935,0.43,114.0,0.997,0.73,9.2,0
0.29,0.52,37.0,0.9969,0.58,9.5,0
0.4,0.23,12.0,0.9958,0.56,9.2,0
0.31,0.37,96.0,0.9954,0.58,9.2,0
0.66,0.26,23.0,0.9971,0.74,9.2,0
0.52,0.04,15.0,0.9956,0.63,9.4,0
0.5,0.04,14.0,0.9955,0.64,9.4,0
0.38,0.36,119.0,0.997,0.56,9.4,0
0.51,0.15,73.0,0.9955,0.63,10.2,0
0.62,0.04,45.0,0.9978,0.53,9.5,0
0.42,0.57,10.0,0.9971,0.63,9.6,0
0.63,0.12,110.0,0.9983,0.77,9.4,0
0.59,0.18,54.0,0.9975,0.59,10.0,0
0.39,0.31,46.0,0.9962,0.54,9.4,0
0.4,0.4,52.0,0.998,0.64,9.2,0
0.69,0.49,112.0,0.9968,0.71,9.3,0
0.52,0.16,35.0,0.9968,0.62,9.5,1
0.735,0.05,54.0,0.9966,0.57,9.8,0
0.725,0.05,11.0,0.9962,0.39,10.9,0
0.725,0.05,11.0,0.9962,0.39,10.9,0
0.52,0.11,39.0,0.9968,0.58,9.6,0
0.705,0.07,15.0,0.9962,0.58,10.7,0
0.32,0.57,65.0,0.9969,0.79,10.7,0
0.705,0.05,19.0,0.9962,0.95,10.5,0
0.63,0.08,27.0,0.9967,0.54,9.5,0
0.67,0.23,96.0,0.9962,0.48,9.5,0
0.69,0.22,94.0,0.9961,0.48,9.5,0
0.675,0.26,43.0,0.9976,0.53,9.2,0
0.32,0.54,83.0,0.9984,0.82,9.6,0
0.41,0.64,42.0,0.9986,0.66,10.5,0
0.41,0.64,42.0,0.9986,0.66,10.5,0
0.785,0.0,30.0,0.9966,0.55,10.7,0
0.75,0.12,80.0,0.9958,0.52,10.1,0
0.625,0.2,119.0,0.9972,1.12,9.1,0
0.45,0.2,15.0,0.9958,0.56,9.2,0
0.5,0.47,73.0,0.997,0.57,9.1,0
0.67,0.26,51.0,0.9969,1.14,9.4,0
0.3,0.48,61.0,0.9959,0.78,10.3,0
0.55,0.15,40.0,0.9961,0.59,10.1,0
0.49,0.26,31.0,0.9966,0.64,9.6,0
0.62,0.08,24.0,0.9978,0.53,9.0,0
0.52,0.26,140.0,0.9964,0.54,9.5,0
0.49,0.26,31.0,0.9966,0.64,9.6,0
1.02,0.04,85.0,0.9938,0.48,10.5,0
0.6,0.17,106.0,0.9932,0.6,12.9,0
0.775,0.0,23.0,0.9965,0.56,10.7,0
0.5,0.25,22.0,0.9963,0.63,9.2,0
0.9,0.06,10.0,0.9967,0.56,9.8,0
0.545,0.18,35.0,0.9972,0.59,9.0,0
0.61,0.3,50.0,0.9972,0.61,10.2,0
0.5,0.3,22.0,0.9959,0.56,10.4,0
0.545,0.18,35.0,0.9972,0.59,9.0,0
0.575,0.22,65.0,0.9967,0.51,9.2,0
0.49,0.24,36.0,0.996,0.48,9.4,0
0.575,0.22,65.0,0.9967,0.51,9.2,0
0.63,0.31,64.0,0.9969,0.79,9.3,0
0.33,0.53,80.0,0.9976,0.8,9.6,0
0.56,0.19,47.0,0.9964,0.93,9.5,0
0.62,0.09,108.0,0.9964,0.66,9.8,0
0.6,0.1,111.0,0.9964,0.66,9.8,0
0.31,0.44,46.0,0.9988,0.67,9.7,0
0.56,0.19,47.0,0.9964,0.93,9.5,0
0.4,0.31,62.0,0.9966,0.63,10.5,0
0.54,0.28,40.0,0.9978,0.61,10.0,0
0.56,0.12,28.0,0.997,0.5,9.4,0
0.55,0.04,56.0,0.9962,0.6,10.9,0
0.69,0.08,89.0,0.9959,0.54,9.2,0
0.55,0.04,56.0,0.9962,0.6,10.9,0
0.695,0.0,13.0,0.998,0.52,9.2,0
0.71,0.0,34.0,0.9976,0.53,9.5,0
0.5,0.17,102.0,0.996,0.48,9.5,0
0.62,0.04,90.0,0.9984,0.7,9.4,0
0.59,0.16,16.0,0.9962,0.92,10.5,1
0.38,0.15,19.0,0.9955,0.57,9.4,0
0.745,0.56,134.0,0.9968,0.66,9.4,0
0.5,0.09,99.0,0.9937,0.63,13.0,0
0.5,0.09,99.0,0.9937,0.63,13.0,0
0.5,0.01,26.0,0.9952,0.58,9.8,0
1.04,0.05,29.0,0.9959,0.55,9.9,0
0.745,0.11,63.0,0.9965,0.82,9.6,0
0.715,0.15,52.0,0.9968,0.77,9.5,0
0.415,0.36,45.0,0.9972,0.64,9.2,0
0.56,0.19,105.0,0.9962,0.54,9.5,0
0.56,0.19,108.0,0.9962,0.54,9.5,0
0.745,0.11,63.0,0.9965,0.82,9.6,0
0.715,0.15,52.0,0.9968,0.77,9.5,0
0.39,0.08,20.0,0.9954,0.58,9.4,0
0.67,0.55,141.0,0.9968,0.62,9.4,0
0.68,0.02,94.0,0.9944,0.52,10.0,0
0.49,0.26,88.0,0.9968,0.8,9.3,0
0.49,0.1,30.0,0.9959,0.58,10.2,0
0.4,0.44,43.0,0.9975,0.61,10.5,0
0.33,0.47,11.0,0.9958,0.53,10.3,0
0.6,0.03,99.0,0.995,0.54,10.1,0
0.6,0.03,99.0,0.995,0.54,10.1,0
0.43,0.42,129.0,0.9973,0.72,10.5,0
0.43,0.42,128.0,0.9973,0.71,10.5,0
0.43,0.42,129.0,0.9973,0.72,10.5,0
0.43,0.42,128.0,0.9973,0.71,10.5,0
0.68,0.0,22.0,0.9969,0.5,9.3,0
0.6,0.18,86.0,0.9968,0.57,9.3,0
0.95,0.03,20.0,0.9959,0.56,9.6,0
0.68,0.02,20.0,0.9965,1.08,9.2,0
0.53,0.04,31.0,0.9964,0.56,10.0,0
0.6,0.26,121.0,0.9982,0.49,9.4,0
0.59,0.26,121.0,0.9981,0.49,9.4,0
0.63,0.48,96.0,0.9961,0.62,9.5,0
0.64,0.1,101.0,0.9956,0.52,10.2,0
0.55,0.03,42.0,0.9956,0.48,9.0,0
0.63,0.07,44.0,0.9953,0.55,10.4,0
0.885,0.03,8.0,0.9972,0.33,9.1,0
0.42,0.17,18.0,0.9972,0.61,9.2,0
0.42,0.17,18.0,0.9972,0.61,9.2,0
0.62,0.05,42.0,0.9961,0.57,11.5,0
0.38,0.21,35.0,0.9961,0.47,9.5,0
0.5,0.04,49.0,0.9958,0.78,9.5,0
0.38,0.21,35.0,0.9961,0.47,9.5,0
0.52,0.42,38.0,0.9972,0.61,10.5,0
0.805,0.0,20.0,0.9969,0.56,9.6,0
0.61,0.14,42.0,0.9969,0.59,9.5,0
0.61,0.14,42.0,0.9969,0.59,9.5,0
0.61,0.49,110.0,0.9972,1.02,9.3,0
0.73,0.02,42.0,0.9972,0.52,9.3,0
0.61,0.2,65.0,0.9971,0.58,9.3,0
0.62,0.21,62.0,0.997,0.58,9.3,0
0.31,0.57,85.0,0.9971,0.53,9.7,0
0.39,0.48,67.0,0.9972,0.55,9.2,0
0.705,0.1,26.0,0.9976,0.49,9.7,0
0.5,0.33,143.0,0.9968,0.55,9.5,0
0.49,0.32,144.0,0.9968,0.55,9.5,0
0.5,0.35,127.0,0.9976,0.62,9.4,0
0.37,0.25,49.0,0.9974,0.62,9.8,0
0.63,0.12,126.0,0.9969,0.61,9.5,0
0.55,0.21,28.0,0.9964,0.55,9.7,0
0.55,0.21,28.0,0.9964,0.55,9.7,0
0.59,0.33,120.0,0.9968,0.54,9.4,0
0.58,0.3,55.0,0.9968,0.59,10.2,0
0.3,0.6,27.0,0.9981,0.97,10.1,0
0.835,0.08,93.0,0.9924,0.85,13.0,1
0.32,0.47,24.0,0.99695,0.82,10.3,1
0.37,0.48,145.0,0.9975,1.03,9.3,0
0.5,0.11,49.0,0.99545,0.79,9.5,0
0.42,0.35,39.0,0.9961,0.55,9.2,0
0.43,0.36,37.0,0.99615,0.56,9.2,0
0.3,0.74,28.0,0.9994,0.77,10.8,1
0.3,0.74,28.0,0.9994,0.77,10.8,1
0.57,0.31,120.0,0.99625,0.53,9.3,0
0.44,0.28,95.0,0.9966,0.67,9.4,0
0.3,0.58,19.0,0.998,0.88,10.5,1
0.53,0.6,19.0,0.99585,0.86,12.4,0
0.725,0.24,62.0,0.99685,0.56,10.0,0
0.44,0.64,15.0,0.998,0.67,10.2,0
0.57,0.26,65.0,0.9959,0.43,10.1,0
0.735,0.08,41.0,0.9974,0.71,9.8,0
0.49,0.49,121.0,0.9974,0.76,10.5,0
0.625,0.16,49.0,0.9962,0.57,11.0,0
0.725,0.22,41.0,0.9967,0.55,9.1,0
0.49,0.19,44.0,0.9957,0.54,9.7,0
0.53,0.33,144.0,0.99655,0.6,9.5,0
0.34,0.37,58.0,0.9964,0.59,9.4,0
0.53,0.26,72.0,0.9957,0.57,9.4,0
0.61,0.04,10.0,0.99525,0.6,9.5,0
0.645,0.25,28.0,0.99815,0.6,10.0,0
0.635,0.36,55.0,0.99745,0.57,10.4,0
0.43,0.25,63.0,0.99615,0.58,10.5,0
0.82,0.14,23.0,0.9984,0.63,9.8,0
0.43,0.25,63.0,0.99615,0.58,10.5,0
0.52,0.25,37.0,0.99685,0.5,11.0,0
0.48,0.04,106.0,0.9927,0.62,12.2,1
0.38,0.06,49.0,0.99625,0.52,9.9,0
0.37,0.2,58.0,0.998,0.7,9.6,0
0.52,0.25,37.0,0.99685,0.5,11.0,0
1.0,0.09,37.0,0.99685,0.55,9.0,0
0.63,0.0,38.0,0.99675,0.58,9.0,0
0.63,0.0,38.0,0.99675,0.58,9.0,0
0.645,0.0,39.0,0.99675,0.58,9.2,0
0.63,0.0,38.0,0.99675,0.58,9.0,0
1.0,0.09,37.0,0.99685,0.55,9.0,0
0.635,0.37,62.0,0.9971,1.09,9.3,0
0.38,0.56,24.0,0.99925,0.71,10.9,0
0.58,0.1,109.0,0.99565,0.49,9.8,0
0.21,0.44,24.0,1.00005,0.84,9.2,1
0.21,0.44,24.0,1.00005,0.84,9.2,1
0.66,0.0,23.0,0.9983,0.96,9.9,0
0.68,0.07,51.0,0.99685,0.52,9.5,0
0.6,0.17,73.0,0.9963,0.45,9.3,0
0.53,0.06,39.0,0.99615,0.48,9.8,0
0.66,0.0,23.0,0.9983,0.96,9.9,0
0.32,0.44,37.0,0.9985,0.78,10.0,0
0.6,0.0,34.0,0.9972,0.7,9.9,0
0.35,0.48,21.0,0.9986,0.53,10.5,0
0.775,0.42,86.0,0.9959,0.59,9.5,0
0.6,0.0,34.0,0.9972,0.7,9.9,0
0.57,0.23,119.0,0.99675,0.57,9.3,0
0.34,0.37,13.0,0.998,0.62,9.2,0
0.695,0.0,56.0,0.9968,0.67,9.2,0
0.31,0.47,33.0,0.99965,0.8,10.5,1
0.33,0.23,45.0,0.99625,0.65,9.3,0
0.975,0.04,67.0,0.99565,0.6,9.4,0
0.52,0.03,35.0,0.99575,0.57,10.0,0
0.37,0.23,49.0,0.9963,0.67,9.3,0
0.56,0.49,27.0,0.9999,0.87,10.9,0
0.26,0.52,10.0,0.9968,0.72,10.2,1
0.87,0.0,61.0,1.00025,0.72,9.8,0
0.35,0.46,37.0,0.9973,0.86,12.8,1
0.54,0.04,27.0,0.9987,0.91,9.4,0
0.18,0.51,23.0,0.9996,0.97,10.1,0
0.545,0.06,61.0,0.9965,0.67,10.7,0
0.18,0.51,23.0,0.9996,0.97,10.1,0
0.37,0.58,65.0,0.99935,0.78,10.1,0
0.715,0.2,38.0,0.99735,0.64,9.4,0
0.65,0.18,94.0,0.99915,0.77,9.4,0
0.545,0.06,61.0,0.9965,0.67,10.7,0
0.54,0.04,27.0,0.9987,0.91,9.4,0
0.18,0.51,23.0,0.9996,0.97,10.1,0
0.32,0.45,13.0,0.9976,0.82,12.6,1
0.4,0.32,47.0,0.9991,0.77,10.5,1
0.26,0.44,19.0,0.9986,0.82,9.3,0
0.27,0.68,10.0,0.9972,1.08,9.9,1
0.52,0.12,53.0,0.9971,0.57,9.1,0
0.4,0.32,47.0,0.9991,0.77,10.5,1
0.59,0.07,71.0,1.00015,0.71,9.8,0
0.59,0.07,71.0,1.00015,0.71,9.8,0
0.45,0.55,49.0,0.9997,0.76,10.3,0
0.4,0.12,53.0,0.9967,0.7,10.3,0
0.52,0.09,49.0,0.9976,0.86,10.6,1
0.42,0.53,98.0,1.001,0.95,9.2,0
0.52,0.09,49.0,0.9976,0.86,10.6,1
0.2,0.48,18.0,0.9979,0.71,10.5,0
0.55,0.23,48.0,0.9994,0.64,10.3,0
0.36,0.25,16.0,0.9964,0.6,10.1,0
0.34,0.52,53.0,1.0014,0.81,9.5,0
0.5,0.46,27.0,1.0001,0.64,9.5,0
0.83,0.37,70.0,0.9981,0.52,9.9,0
0.63,0.06,29.0,0.99855,0.73,9.6,0
0.65,0.02,31.0,0.9993,0.8,9.7,0
0.67,0.06,33.0,0.99845,0.71,9.6,0
0.53,0.06,44.0,0.9965,0.59,10.7,0
0.18,0.48,15.0,0.9973,0.64,10.1,0
0.705,0.12,28.0,0.9994,0.72,10.0,0
0.67,0.12,21.0,0.996,0.54,9.5,0
0.65,0.6,90.0,0.9973,0.52,9.2,0
0.53,0.48,25.0,0.9998,0.59,9.3,0
0.62,0.32,54.0,0.9966,0.52,9.4,0
0.41,0.42,14.0,0.9994,0.62,9.5,0
0.43,0.44,12.0,0.9994,0.63,9.5,0
0.29,0.38,30.0,0.9968,0.53,9.5,0
0.53,0.48,25.0,0.9998,0.59,9.3,0
0.53,0.24,105.0,0.996,0.54,9.4,0
0.46,0.31,98.0,0.99815,0.63,9.5,0
0.47,0.3,135.0,0.9976,0.53,9.4,0
0.36,0.29,72.0,0.99645,0.68,11.0,0
0.35,0.29,53.0,0.9962,0.65,11.0,0
0.56,0.23,92.0,0.9996,0.65,10.1,0
0.77,0.12,74.0,0.99865,0.64,10.4,0
0.66,0.39,59.0,0.9989,0.71,11.5,1
0.77,0.12,74.0,0.99865,0.64,10.4,0
0.66,0.39,59.0,0.9989,0.71,11.5,1
0.61,0.26,87.0,0.99975,0.62,9.7,0
0.62,0.05,18.0,0.99735,0.63,9.3,0
0.59,0.42,73.0,0.999,0.7,9.5,0
0.49,0.2,50.0,1.0015,0.69,9.2,0
0.49,0.2,50.0,1.0015,0.69,9.2,0
0.53,0.66,14.0,0.9978,0.74,11.5,1
0.44,0.5,13.0,0.998,0.83,11.5,0
0.27,0.62,21.0,1.0002,0.67,9.7,0
0.46,0.39,15.0,0.9981,0.62,9.5,0
0.36,0.64,41.0,0.998,0.66,12.5,0
0.36,0.64,41.0,0.998,0.66,12.5,0
0.58,0.28,114.0,0.9973,0.54,9.4,0
0.56,0.08,44.0,0.9958,0.52,11.0,0
0.65,0.01,38.0,0.9963,0.74,11.7,1
0.695,0.53,21.0,0.9992,0.84,12.2,1
0.43,0.45,16.0,0.9948,0.7,12.5,0
0.43,0.32,58.0,0.9974,0.64,10.3,0
0.49,0.58,99.0,1.0008,1.0,11.5,0
0.42,0.48,18.0,0.9972,0.87,11.3,0
0.39,0.47,14.0,0.9982,0.75,9.8,0
0.39,0.47,14.0,0.9982,0.75,9.8,0
0.57,0.5,32.0,1.0006,0.78,10.7,0
0.685,0.0,63.0,0.9979,0.81,9.9,0
0.815,0.02,34.0,0.9955,0.89,12.3,1
0.49,0.67,15.0,0.9986,0.93,12.0,0
0.56,0.31,46.0,0.9979,0.92,10.0,0
0.785,0.0,28.0,0.9994,0.86,9.4,0
0.67,0.22,34.0,1.0004,0.98,9.9,0
0.795,0.0,26.0,0.9994,0.83,9.4,0
0.665,0.0,19.0,0.9974,0.73,9.3,0
0.53,0.79,77.0,1.0018,0.77,13.0,0
0.75,0.01,32.0,0.9955,0.61,12.8,0
0.41,0.52,55.0,1.0001,0.88,11.0,0
0.42,0.66,29.0,0.997,0.75,11.7,1
0.43,0.66,23.0,1.0,0.85,10.4,1
0.38,0.66,41.0,1.001,0.68,9.8,0
0.7,0.23,81.0,0.9973,0.7,9.4,0
0.45,0.31,50.0,0.9982,0.91,9.9,0
0.58,0.66,37.0,0.9992,0.56,10.0,0
0.46,0.63,15.0,0.9988,0.87,10.2,0
0.615,0.66,42.0,1.0022,0.73,10.0,1
0.42,0.5,21.0,0.9979,0.93,11.8,0
0.615,0.66,42.0,1.0022,0.73,10.0,1
0.575,0.61,24.0,1.0,0.69,9.0,0
0.34,0.52,75.0,0.9998,0.64,9.4,0
0.27,0.53,18.0,0.9962,1.13,12.0,1
0.765,0.02,63.0,0.9975,0.78,9.9,0
0.24,0.4,25.0,0.9967,0.87,8.7,0
0.28,0.48,46.0,0.9967,1.04,10.6,0
0.55,0.22,72.0,0.9959,0.63,9.2,0
0.41,0.63,47.0,1.0014,0.81,10.8,0
0.54,0.71,15.0,0.9984,0.83,11.8,1
0.45,0.5,47.0,1.0003,1.11,11.0,0
0.27,0.53,18.0,0.9962,1.13,12.0,1
0.625,0.66,24.0,0.9988,0.99,13.3,0
0.42,0.38,60.0,0.9979,0.7,10.8,0
0.26,0.42,27.0,0.9974,0.8,9.4,0
0.415,0.68,43.0,1.0014,0.8,10.0,0
0.26,0.42,27.0,0.9974,0.8,9.4,0
0.26,0.42,27.0,0.9974,0.8,9.4,0
0.51,0.28,54.0,0.998,0.74,9.2,0
0.63,0.07,37.0,0.9979,0.76,9.7,0
0.54,0.26,48.0,0.9981,0.74,9.2,0
0.66,0.15,42.0,0.9972,0.54,9.6,0
0.46,0.26,53.0,0.9981,0.74,9.2,0
0.38,0.31,49.0,0.9982,0.7,10.0,1
0.85,0.05,88.0,0.9924,0.82,12.9,1
0.415,0.68,43.0,1.0014,0.8,10.0,0
0.37,0.52,26.0,0.998,0.51,9.5,0
0.665,0.61,95.0,0.997,0.54,9.1,0
0.6,0.65,25.0,0.9997,0.57,9.9,0
0.37,0.76,38.0,1.0004,0.6,13.0,1
0.735,0.02,124.0,0.9994,0.53,9.9,0
0.59,0.59,49.0,0.9988,0.65,11.0,0
0.59,0.59,49.0,0.9988,0.65,11.0,0
0.765,0.22,42.0,0.9963,0.55,9.4,0
0.735,0.02,124.0,0.9994,0.53,9.9,0
0.26,0.3,38.0,0.9949,0.47,10.8,0
0.48,0.54,64.0,1.0,0.61,10.5,0
0.6,0.49,41.0,0.9994,0.63,10.5,0
0.69,0.05,27.0,0.9974,0.61,9.1,0
0.31,0.46,25.0,0.9966,0.76,10.1,0
0.44,0.47,28.0,0.9981,0.65,10.8,0
0.39,0.66,30.0,0.9996,0.63,10.8,1
0.34,0.58,16.0,0.997,0.7,11.3,0
0.46,0.49,49.0,0.9981,0.57,9.6,0
0.43,0.34,86.0,0.9987,0.62,9.5,0
0.45,0.35,78.0,0.9987,0.62,9.5,0
0.735,0.16,77.0,0.9966,0.64,9.3,0
0.4,0.53,19.0,0.9986,0.82,11.7,1
0.52,0.34,122.0,0.9982,0.61,9.5,0
0.725,0.24,134.0,1.0014,1.07,9.3,0
0.48,0.64,20.0,0.997,0.66,11.7,0
0.58,0.12,124.0,0.9956,0.48,10.5,0
0.38,0.51,20.0,0.9996,0.76,10.4,0
0.77,0.0,52.0,0.9976,0.68,9.9,0
0.56,0.33,67.0,0.9972,0.73,11.8,1
0.84,0.03,48.0,0.9952,0.56,12.3,1
0.96,0.2,60.0,0.9955,0.44,10.9,0
0.24,0.47,24.0,0.9978,0.9,11.0,1
0.96,0.2,60.0,0.9955,0.44,10.9,0
0.84,0.03,48.0,0.9952,0.56,12.3,1
0.67,0.08,48.0,0.9949,0.49,11.4,0
0.78,0.22,32.0,0.9988,0.56,10.6,0
0.52,0.33,30.0,0.9978,0.6,9.3,0
0.84,0.63,35.0,0.9997,0.6,10.4,0
0.24,0.47,24.0,0.9978,0.9,11.0,1
0.55,0.35,66.0,0.9974,0.56,9.2,0
0.37,0.69,24.0,0.9958,0.65,12.8,0
0.39,0.63,18.0,1.0004,0.49,9.5,0
0.41,0.55,54.0,0.9996,0.89,9.9,0
0.39,0.63,18.0,1.0004,0.49,9.5,0
0.67,0.3,62.0,0.9958,0.56,10.2,0
0.45,0.73,22.0,0.9986,0.66,11.2,0
0.41,0.55,54.0,0.9996,0.89,9.9,0
0.62,0.18,50.0,0.9951,0.6,9.3,0
0.31,0.72,29.0,0.9987,0.82,9.8,1
0.4,0.65,27.0,0.9988,0.68,11.3,0
0.44,0.49,19.0,0.9963,0.63,11.6,1
0.57,0.01,27.0,0.9934,0.84,12.5,1
0.735,0.1,31.0,0.9986,0.56,10.1,0
0.38,0.6,72.0,0.9996,0.73,10.5,0
0.48,0.29,16.0,0.9968,0.72,11.2,0
0.53,0.22,27.0,0.9967,0.56,10.2,0
0.39,0.69,35.0,0.9994,0.61,10.8,0
0.39,0.69,35.0,0.9994,0.61,10.8,0
0.37,0.53,26.0,0.9979,1.06,9.1,0
0.56,0.03,35.0,0.9968,0.63,10.0,0
0.33,0.63,22.0,0.9998,0.74,11.2,1
0.23,0.4,67.0,0.9952,0.63,11.1,0
0.62,0.67,19.0,0.9988,0.69,13.4,1
0.59,0.39,22.0,0.9986,0.58,10.3,0
0.63,0.21,65.0,0.9988,0.58,9.6,0
0.33,0.63,22.0,0.9998,0.74,11.2,1
0.43,0.52,23.0,0.9976,0.61,11.3,0
0.615,0.22,19.0,0.9982,0.61,9.3,0
0.26,0.68,25.0,0.997,0.61,11.8,0
0.66,0.7,129.0,0.9972,0.53,9.0,0
0.315,0.54,15.0,0.9987,0.7,9.2,0
0.29,0.4,26.0,1.0006,0.91,9.7,0
0.5,0.42,51.0,0.9982,0.72,11.5,0
0.36,0.69,21.0,1.0,0.62,9.2,0
0.82,0.02,48.0,0.9952,0.58,9.8,0
0.32,0.65,47.0,0.9996,0.61,10.6,0
0.54,0.42,52.0,0.997,0.71,11.4,0
0.37,0.55,68.0,0.9995,0.82,10.4,0
0.35,0.55,14.0,0.9971,0.79,10.6,0
0.28,0.51,24.0,0.9982,0.89,9.4,0
0.68,0.24,28.0,0.9988,0.6,10.2,0
0.27,0.41,16.0,0.998,0.7,9.7,0
0.24,0.49,20.0,0.9977,1.06,11.0,0
0.68,0.24,28.0,0.9988,0.6,10.2,0
0.685,0.11,31.0,0.9984,0.7,10.1,0
0.3,0.56,17.0,0.9964,0.92,11.7,1
0.36,0.59,18.0,0.9986,1.05,9.4,0
0.36,0.6,18.0,0.9986,1.06,9.4,0
0.44,0.68,24.0,0.997,0.66,13.4,0
0.67,0.39,17.0,0.9976,0.47,10.0,0
0.67,0.39,17.0,0.9976,0.47,10.0,0
0.645,0.36,14.0,0.9982,0.42,10.0,0
0.32,0.55,67.0,1.0002,0.92,10.8,1
0.39,0.4,26.0,0.9984,0.75,10.2,0
0.775,0.27,56.0,0.9984,0.67,10.6,0
0.41,0.5,25.0,0.9952,0.79,13.3,1
0.4,0.51,27.0,0.995,0.9,13.4,1
0.69,0.31,81.0,1.0002,0.74,11.6,0
0.39,0.23,91.0,0.9952,0.55,12.1,0
0.35,0.53,16.0,0.9972,0.65,11.0,1
0.52,0.25,38.0,0.9984,0.65,9.0,0
0.34,0.32,113.0,0.9966,0.79,11.1,0
0.35,0.53,16.0,0.9972,0.65,11.0,1
0.69,0.31,81.0,1.0002,0.74,11.6,0
0.52,0.25,38.0,0.9984,0.65,9.0,0
0.44,0.73,76.0,0.999,0.85,12.0,1
0.44,0.73,76.0,0.999,0.85,12.0,1
0.26,0.47,24.0,0.9976,1.04,10.9,1
0.24,0.42,22.0,0.9976,1.05,10.8,1
0.49,0.63,26.0,0.9968,0.78,12.5,1
0.24,0.46,21.0,0.9976,1.02,10.8,1
0.67,0.55,13.0,1.0,0.71,9.5,0
0.59,0.31,62.0,0.9994,0.63,10.2,0
0.29,0.75,43.0,0.9986,0.68,11.4,1
0.42,0.49,43.0,0.9978,0.61,9.5,0
0.59,0.31,62.0,0.9994,0.63,10.2,0
0.4,0.48,49.0,0.998,0.81,9.7,0
0.51,0.64,15.0,0.9973,0.66,11.8,1
0.51,0.64,15.0,0.9973,0.66,11.8,1
0.6,0.49,14.0,1.001,0.74,11.9,0
0.21,0.49,32.0,0.9972,0.68,11.7,0
0.365,0.49,106.0,0.9966,0.78,11.0,0
0.25,0.49,33.0,0.9982,0.9,10.0,0
0.41,0.49,43.0,0.998,0.64,9.1,0
0.39,0.49,133.0,0.9979,0.99,9.8,0
0.4,0.49,142.0,0.9978,0.55,9.4,0
0.43,0.49,116.0,0.9976,0.64,9.5,0
0.64,0.24,53.0,0.9998,0.67,9.9,0
0.365,0.49,106.0,0.9966,0.78,11.0,0
0.38,0.49,85.0,0.9962,0.77,11.4,0
0.42,0.49,55.0,0.9988,0.75,8.7,0
0.63,0.24,33.0,0.9974,0.57,9.4,0
0.22,0.24,28.0,0.999,0.87,10.3,0
0.38,0.49,42.0,1.0004,0.61,10.3,0
0.38,0.49,42.0,1.0004,0.61,10.3,0
0.27,0.24,33.0,0.9956,0.66,12.8,0
0.48,0.24,32.0,1.0,0.56,10.0,0
0.22,0.24,28.0,0.999,0.87,10.3,0
0.63,0.24,33.0,0.9974,0.57,9.4,0
0.825,0.24,13.0,0.9972,0.77,10.7,0
0.35,0.49,35.0,1.0014,0.66,12.0,1
0.5,0.74,17.0,0.9996,0.62,11.2,0
0.59,0.24,47.0,0.9988,0.67,9.6,0
0.46,0.49,17.0,0.9988,0.73,11.0,0
0.715,0.24,20.0,0.9966,0.59,9.9,0
0.66,0.24,53.0,0.9993,0.72,11.0,0
0.31,0.74,15.0,1.0008,0.79,8.4,0
0.47,0.49,106.0,0.9982,0.59,9.1,0
0.55,0.24,28.0,0.9983,0.78,9.5,0
0.31,0.49,21.0,0.9987,0.86,10.7,0
0.35,0.49,69.0,0.9994,0.75,10.4,0
0.53,0.49,25.0,0.9975,0.61,9.4,0
0.51,0.01,25.0,0.9958,0.56,9.5,0
0.43,0.24,45.0,0.998,0.73,10.0,0
0.46,0.24,44.0,0.998,0.74,10.0,0
1.04,0.24,96.0,0.9934,0.62,11.5,0
0.53,0.49,17.0,1.0002,0.56,11.7,0
0.53,0.49,17.0,1.0002,0.56,11.7,0
0.47,0.49,47.0,1.0021,0.68,12.7,0
0.6,0.49,19.0,0.9994,0.57,11.4,0
0.44,0.49,121.0,0.9978,0.58,9.2,0
0.54,0.49,110.0,0.9982,0.61,9.2,0
0.29,0.49,60.0,0.9971,0.61,10.1,0
0.47,0.49,47.0,1.0021,0.68,12.7,0
0.6,0.49,19.0,0.9994,0.57,11.4,0
0.7,0.24,15.0,0.9991,0.6,9.0,0
0.7,0.24,15.0,0.9991,0.6,9.0,0
0.5,0.49,20.0,0.999,0.79,10.7,0
0.36,0.24,42.0,0.9946,0.57,11.7,0
0.35,0.49,37.0,1.0003,0.91,11.0,0
0.36,0.24,42.0,0.9946,0.57,11.7,0
0.24,0.49,28.0,0.9978,0.61,10.4,0
0.59,0.49,47.0,0.9991,0.56,9.6,0
0.34,0.49,78.0,0.9992,0.7,10.0,0
0.27,0.49,46.0,0.9993,0.8,10.2,0
0.5,0.24,14.0,0.9978,0.52,10.0,0
0.44,0.49,111.0,0.9982,0.6,9.5,0
0.47,0.49,110.0,0.9982,0.6,9.8,0
0.31,0.49,40.0,0.9976,0.51,9.8,0
0.5,0.49,14.0,1.0002,0.44,9.6,0
0.5,0.49,14.0,1.0002,0.44,9.6,0
0.49,0.49,15.0,1.0,0.43,9.2,0
0.28,0.49,21.0,0.9976,0.66,9.9,1
0.33,0.49,80.0,1.0002,0.76,10.7,1
0.51,0.24,38.0,0.998,0.66,9.6,0
0.31,0.49,47.0,0.9986,1.02,10.6,1
0.73,0.24,102.0,0.9967,0.59,9.3,0
0.29,0.49,13.0,0.9976,0.74,10.5,1
0.45,0.49,75.0,0.9987,0.57,9.7,0
0.45,0.49,75.0,0.9987,0.57,9.7,0
0.49,0.58,43.0,1.0004,0.58,9.0,0
0.72,0.17,38.0,0.9978,0.53,9.5,0
0.595,0.41,109.0,0.9998,0.57,9.3,0
0.4,0.51,24.0,0.9994,0.6,9.3,0
0.58,0.58,18.0,0.998,0.63,10.0,0
0.585,0.18,30.0,0.9967,0.48,9.8,0
0.59,0.45,22.0,1.0,0.7,9.3,0
0.915,0.27,23.0,0.9962,0.47,10.0,0
0.46,0.52,35.0,1.0006,0.56,9.0,0
0.835,0.0,14.0,0.9975,0.52,9.3,0
0.46,0.52,35.0,1.0006,0.56,9.0,0
0.58,0.13,63.0,0.9984,0.62,9.1,0
0.6,0.13,24.0,0.9984,0.59,9.2,0
0.41,0.48,20.0,0.9973,0.79,12.2,1
0.48,0.41,52.0,0.9982,0.53,10.5,0
0.36,0.19,39.0,0.9956,0.52,12.7,0
0.24,0.54,57.0,0.9983,0.54,9.2,0
0.38,0.55,16.0,1.0006,0.54,9.4,0
0.64,0.0,29.0,0.9965,0.6,10.0,0
0.39,0.38,29.0,0.9962,0.74,9.8,0
0.6,0.5,71.0,0.9997,0.57,9.7,0
0.6,0.5,71.0,0.9997,0.57,9.7,0
0.31,0.51,28.0,0.9982,0.93,9.8,0
0.46,0.5,17.0,1.0006,0.7,10.2,0
0.37,0.41,16.0,0.9988,0.8,9.3,0
0.54,0.24,112.0,0.9976,0.61,9.4,0
0.56,0.23,104.0,0.9976,0.62,9.4,0
0.58,0.22,32.0,0.9974,0.55,9.5,0
0.51,0.25,45.0,0.9974,0.96,12.1,0
0.69,0.0,58.0,0.9997,0.72,10.2,0
0.69,0.0,58.0,0.9997,0.72,10.2,0
0.6,0.29,15.0,0.9988,0.49,9.1,0
0.6,0.29,15.0,0.9988,0.49,9.1,0
0.54,0.26,31.0,0.9976,0.6,9.3,0
0.685,0.23,84.0,0.9964,0.61,9.3,0
0.54,0.26,31.0,0.9976,0.6,9.3,0
0.28,0.54,19.0,0.9988,0.63,9.5,0
0.41,0.14,43.0,0.9964,0.57,10.5,0
0.935,0.22,86.0,1.001,0.64,11.3,0
0.35,0.21,102.0,0.9964,0.58,9.5,0
0.84,0.0,33.0,0.9954,0.55,9.7,0
0.885,0.27,145.0,0.9978,0.53,9.4,0
0.915,0.12,23.0,0.9964,0.65,10.2,1
0.54,0.45,40.0,0.9991,0.62,9.4,0
0.59,0.44,68.0,0.9992,0.63,9.5,0
0.54,0.45,40.0,0.9991,0.62,9.4,0
0.59,0.44,68.0,0.9992,0.63,9.5,0
0.54,0.45,40.0,0.9991,0.62,9.4,0
0.64,0.1,11.0,0.9984,0.69,10.1,1
0.67,0.05,20.0,0.9972,0.63,10.1,0
0.845,0.01,14.0,0.9967,0.58,11.0,0
0.48,0.3,28.0,0.9964,0.67,11.2,1
0.43,0.39,32.0,0.9986,0.5,9.6,0
0.33,0.59,30.0,0.9976,0.54,12.0,0
0.47,0.47,29.0,0.9979,0.46,9.5,0
0.55,0.17,53.0,1.0004,0.61,9.4,0
0.43,0.39,32.0,0.9986,0.5,9.6,0
0.5,0.59,42.0,0.998,0.68,10.5,1
0.52,0.07,20.0,0.9973,0.81,9.6,0
0.84,0.02,13.0,0.997,0.57,11.0,0
0.52,0.07,20.0,0.9973,0.81,9.6,0
0.42,0.31,42.0,0.9978,0.64,9.0,0
0.57,0.06,27.0,0.9972,0.7,9.6,0
0.28,0.46,13.0,0.9974,0.79,10.2,0
0.4,0.52,54.0,1.0,0.66,10.2,0
0.59,0.14,48.0,0.9981,0.56,9.7,0
0.49,0.36,16.0,0.998,0.6,9.5,0
0.34,0.45,15.0,0.9988,0.66,9.2,0
0.73,0.43,31.0,0.9966,0.57,11.0,0
0.34,0.45,15.0,0.9988,0.66,9.2,0
0.4,0.24,45.0,0.9959,0.58,10.0,0
0.73,0.21,13.0,0.9968,0.52,9.5,0
0.73,0.21,13.0,0.9968,0.52,9.5,0
0.4,0.41,17.0,0.9984,0.67,9.3,0
0.41,0.39,31.0,0.9984,0.65,10.2,0
0.4,0.41,17.0,0.9984,0.67,9.3,0
0.8,0.11,31.0,0.9979,0.48,9.9,0
0.78,0.1,87.0,0.9983,0.53,10.0,0
0.26,0.45,49.0,0.9972,0.54,9.6,0
0.43,0.58,40.0,1.0004,0.49,9.0,0
0.45,0.23,29.0,0.9962,0.49,10.2,0
0.46,0.31,58.0,0.998,0.54,9.8,0
0.78,0.23,15.0,0.997,0.56,11.3,0
0.78,0.23,15.0,0.997,0.56,11.3,0
0.65,0.18,40.0,0.997,0.6,9.1,0
0.64,0.23,38.0,0.9998,0.59,9.7,0
0.66,0.04,9.0,0.9962,0.47,9.4,0
0.38,0.48,17.0,0.9976,1.05,9.4,0
0.92,0.24,93.0,0.9998,0.54,9.8,0
0.48,0.32,122.0,0.9984,0.62,9.4,0
0.47,0.31,125.0,0.9984,0.61,9.4,0
0.47,0.02,44.0,0.9921,0.62,12.8,0
0.65,0.02,25.0,0.9972,0.67,9.5,0
0.65,0.02,25.0,0.9972,0.67,9.5,0
0.615,0.28,72.0,1.0001,0.53,9.7,0
0.38,0.55,19.0,0.9986,0.62,10.8,0
1.02,0.43,88.0,0.9984,0.57,10.1,0
0.65,0.02,25.0,0.9972,0.67,9.5,0
0.64,0.02,23.0,0.997,0.67,9.4,0
0.38,0.48,84.0,0.9972,0.7,9.6,0
0.765,0.04,14.0,0.998,0.54,9.7,0
1.035,0.15,54.0,0.999,0.49,9.9,0
0.78,0.08,19.0,0.9956,0.47,10.0,0
0.49,0.19,37.0,0.9966,0.51,10.5,0
0.545,0.12,35.0,0.996,0.61,11.6,0
0.31,0.47,33.0,0.9983,0.66,10.0,0
1.025,0.43,84.0,0.9985,0.57,10.1,0
0.565,0.34,112.0,0.9998,0.61,9.5,0
0.69,0.0,33.0,0.9992,0.45,9.4,0
0.43,0.36,48.0,0.9976,0.46,9.4,0
0.74,0.28,77.0,0.998,0.51,9.8,0
0.49,0.18,34.0,0.9967,0.48,9.2,0
0.43,0.36,48.0,0.9976,0.46,9.4,0
0.46,0.11,49.0,0.9968,0.57,10.0,0
0.56,0.04,22.0,0.9976,0.44,9.6,0
0.66,0.0,45.0,0.9976,0.54,9.5,0
0.56,0.04,22.0,0.9976,0.44,9.6,0
0.48,0.24,106.0,0.9982,0.53,9.2,0
0.42,0.08,48.0,0.9968,0.59,10.0,0
0.66,0.17,13.0,0.9976,0.55,10.4,0
0.72,0.09,49.0,0.9994,0.72,11.1,0
0.57,0.02,11.0,0.997,0.68,9.5,0
0.57,0.02,11.0,0.997,0.68,9.5,0
0.865,0.03,58.0,0.995,0.49,12.7,0
0.55,0.66,37.0,0.9982,0.67,9.6,0
0.875,0.13,14.0,0.9994,0.52,11.5,0
0.835,0.03,19.0,0.9966,0.47,9.6,0
0.45,0.34,72.0,0.998,0.6,9.5,0
0.56,0.2,39.0,0.9987,0.62,9.3,0
0.965,0.1,22.0,0.9963,0.5,9.5,0
0.965,0.1,22.0,0.9963,0.5,9.5,0
0.59,0.0,58.0,1.0002,0.65,9.3,0
0.46,0.23,104.0,0.9983,0.56,9.2,0
0.69,0.0,38.0,0.999,0.6,9.3,0
0.76,0.29,16.0,0.9965,0.68,11.5,0
0.53,0.24,139.0,0.99788,0.57,9.5,0
0.615,0.0,18.0,0.9972,0.65,9.2,0
0.41,0.58,101.0,1.00024,0.53,10.0,0
0.39,0.54,101.0,1.0001,0.51,9.5,0
0.51,0.18,28.0,0.99768,0.73,9.5,0
0.34,0.38,57.0,0.9978,0.47,9.0,0
0.33,0.4,68.0,0.99782,0.48,9.4,0
0.5,0.18,31.0,0.99761,0.72,9.6,0
0.51,0.18,28.0,0.99768,0.73,9.5,0
0.65,0.1,40.0,0.99803,0.55,9.5,0
0.65,0.1,40.0,0.99803,0.55,9.5,0
0.54,0.13,66.0,0.99785,0.61,9.4,0
0.65,0.1,40.0,0.99803,0.55,9.5,0
0.48,0.68,32.0,0.99656,1.06,9.1,0
0.91,0.07,47.0,0.99525,0.43,10.7,0
0.98,0.01,33.0,0.99488,0.46,11.2,0
0.87,0.0,31.0,0.99656,0.5,9.8,0
0.87,0.0,31.0,0.99656,0.5,9.8,0
0.42,0.21,88.0,0.99823,0.52,9.2,0
0.58,0.25,104.0,0.99779,0.57,9.7,0
0.655,0.26,35.0,0.99738,0.42,9.6,0
0.7,0.0,19.0,0.99701,0.53,10.0,0
0.655,0.26,35.0,0.99738,0.42,9.6,0
0.68,0.11,44.0,0.99888,0.55,9.5,0
0.67,0.1,48.0,0.99888,0.54,9.5,0
0.59,0.18,74.0,0.99738,0.54,9.4,0
0.6,0.32,98.0,0.99938,0.62,9.5,0
0.59,0.02,94.0,0.99744,0.53,9.7,0
0.72,0.01,32.0,0.99668,0.54,9.6,0
0.59,0.02,94.0,0.99744,0.53,9.7,0
0.685,0.26,143.0,0.9978,0.55,9.4,0
0.57,0.27,144.0,0.99782,0.55,9.4,0
0.4,0.29,44.0,0.9973,0.92,9.5,0
0.4,0.3,45.0,0.99727,0.91,9.5,0
1.0,0.0,16.0,0.99586,0.46,10.0,0
0.765,0.18,48.0,0.99612,0.6,10.3,0
0.635,0.17,18.0,0.9961,0.59,10.3,0
0.43,0.3,34.0,0.99788,0.61,10.5,0
0.52,0.03,92.0,0.99745,0.6,9.8,0
0.57,0.0,45.0,0.99676,0.6,9.4,0
0.46,0.14,37.0,0.99732,0.65,9.8,0
0.82,0.05,96.0,0.99814,0.53,10.0,0
0.46,0.14,37.0,0.99732,0.65,9.8,0
0.59,0.01,85.0,0.99746,0.59,9.8,0
0.35,0.41,61.0,0.9982,0.5,9.5,0
0.35,0.41,61.0,0.9982,0.5,9.5,0
0.56,0.24,58.0,0.9991,0.56,10.1,0
0.56,0.24,58.0,0.9991,0.56,10.1,0
0.63,0.17,119.0,0.998,0.52,9.3,0
0.37,0.43,82.0,0.99708,0.68,9.7,0
0.64,0.17,130.0,0.99818,0.54,9.6,0
0.61,0.02,87.0,0.99745,0.6,9.7,0
0.6,0.0,13.0,0.99639,0.56,10.8,0
0.27,0.54,26.0,0.99531,0.53,12.5,0
0.46,0.31,64.0,0.99746,0.74,9.6,0
0.37,0.44,42.0,0.99526,0.81,10.8,1
0.5,0.34,14.0,0.9987,0.52,10.7,0
0.5,0.34,14.0,0.9987,0.52,10.7,0
0.61,0.08,108.0,0.99641,0.51,9.4,0
0.55,0.09,17.0,0.99735,0.44,10.0,0
0.585,0.0,86.0,0.99264,0.94,12.9,1
0.56,0.08,46.0,0.9971,0.66,9.6,0
0.52,0.22,18.0,0.99682,0.57,9.9,0
0.28,0.4,10.0,0.99356,0.7,12.8,1
0.25,0.39,10.0,0.99386,0.71,12.5,1
0.28,0.4,10.0,0.99356,0.7,12.8,1
0.53,0.12,12.0,0.99702,0.86,9.2,0
0.48,0.31,15.0,0.99693,0.55,10.3,0
0.49,0.1,14.0,0.99562,0.47,10.5,0
0.5,0.55,24.0,1.00012,0.68,10.9,0
0.45,0.33,38.0,0.99818,0.71,10.8,0
0.39,0.24,7.0,0.99462,0.58,11.4,0
0.41,0.54,41.0,0.99939,0.76,11.3,0
0.45,0.33,38.0,0.99818,0.71,10.8,0
0.51,0.19,30.0,0.9984,0.58,10.5,0
0.29,0.42,27.0,0.99545,0.73,11.9,0
0.715,0.0,47.0,0.99632,0.45,9.4,0
0.66,0.15,59.0,0.99976,0.54,9.6,0
0.685,0.0,22.0,0.99606,0.6,9.7,0
0.54,0.13,36.0,0.9973,0.64,9.8,0
0.54,0.13,36.0,0.9973,0.64,9.8,0
0.48,0.28,16.0,0.99682,0.53,10.3,0
0.46,0.14,37.0,0.99624,0.49,10.7,0
0.27,0.34,8.0,0.9951,0.64,11.0,1
0.46,0.14,37.0,0.99624,0.49,10.7,0
0.57,0.09,45.0,0.99417,0.74,12.7,1
0.61,0.08,24.0,0.99376,0.77,11.1,0
0.685,0.07,9.0,0.99632,0.55,10.9,0
0.61,0.08,24.0,0.99376,0.77,11.1,0
0.47,0.44,51.0,0.99836,0.86,9.9,0
0.685,0.26,23.0,0.99694,0.47,9.4,0
0.665,0.1,55.0,0.99655,0.51,9.3,0
0.31,0.35,28.0,0.99672,0.83,11.2,1
0.5,0.04,26.0,0.99647,0.47,10.0,0
0.42,0.47,34.0,0.99736,0.77,12.1,1
0.66,0.0,31.0,0.99629,0.63,10.3,0
0.5,0.45,68.0,0.99708,0.72,10.9,0
0.685,0.35,92.0,0.9963,0.62,9.4,0
0.25,0.46,42.0,0.9959,0.83,10.6,0
0.64,0.21,31.0,0.99689,0.66,9.8,0
0.64,0.21,31.0,0.99689,0.66,9.8,0
0.68,0.16,39.0,0.9977,0.7,9.9,0
0.64,0.21,31.0,0.99689,0.66,9.8,0
0.63,0.21,32.0,0.99689,0.66,9.8,0
0.43,0.44,22.0,0.99708,0.55,9.5,0
0.43,0.44,22.0,0.99708,0.55,9.5,0
0.42,0.32,122.0,0.99801,1.07,9.7,0
0.36,0.39,55.0,0.99652,0.73,10.9,0
0.36,0.39,55.0,0.99652,0.73,10.9,0
0.735,0.02,14.0,0.99538,0.71,11.7,1
0.36,0.39,55.0,0.99652,0.73,10.9,0
0.26,0.34,47.0,0.99594,0.78,11.3,1
0.28,0.47,32.0,0.99686,0.67,10.6,1
0.56,0.22,24.0,0.99438,0.82,11.2,0
0.62,0.06,85.0,0.99746,0.54,9.5,0
1.01,0.66,88.0,0.99357,0.6,11.5,0
0.42,0.32,25.0,0.99628,0.44,10.4,0
0.62,0.06,84.0,0.99746,0.53,9.7,0
0.62,0.06,85.0,0.99746,0.54,9.5,0
0.635,0.07,86.0,0.99748,0.54,9.7,0
0.49,0.22,24.0,0.99438,0.83,11.3,0
0.51,0.23,22.0,0.99438,0.84,11.2,0
0.56,0.22,24.0,0.99438,0.82,11.2,0
0.63,0.03,43.0,0.99578,0.64,10.9,0
0.715,0.01,43.0,0.99371,0.57,11.8,0
0.56,0.03,46.0,0.99522,0.57,10.6,0
0.35,0.24,48.0,0.99576,0.54,10.0,0
0.21,0.37,10.0,0.99552,0.58,11.1,1
0.38,0.46,10.0,0.99664,0.65,11.8,1
0.31,0.4,16.0,0.99614,0.79,11.8,1
0.47,0.0,14.0,0.99517,0.58,10.9,0
0.715,0.01,43.0,0.99371,0.57,11.8,0
0.61,0.19,69.0,0.99787,0.5,10.0,0
0.6,0.04,88.0,0.99745,0.55,9.5,0
0.56,0.18,21.0,0.99576,0.49,9.9,0
0.715,0.0,35.0,0.99533,0.65,11.4,0
0.31,0.29,26.0,0.99536,0.78,12.0,0
0.6,0.04,88.0,0.99745,0.55,9.5,0
0.61,0.19,69.0,0.99787,0.5,10.0,0
0.75,0.14,30.0,0.99824,0.64,10.5,0
0.8,0.12,28.0,0.99836,0.65,10.4,0
0.52,0.38,56.0,0.99577,0.79,12.1,1
0.57,0.0,64.0,0.99491,0.56,11.2,0
0.34,0.24,52.0,0.99576,0.58,10.1,0
0.66,0.03,86.0,0.99743,0.57,9.7,0
0.45,0.23,18.0,0.99774,0.65,9.3,0
0.66,0.03,86.0,0.99743,0.57,9.7,0
0.63,0.03,88.0,0.99745,0.58,9.8,0
0.59,0.01,43.0,0.9955,0.58,10.7,0
0.31,0.39,43.0,0.99444,0.77,12.5,1
0.59,0.01,43.0,0.9955,0.58,10.7,0
0.31,0.39,43.0,0.99444,0.77,12.5,1
0.31,0.36,39.0,0.99562,0.69,11.8,0
0.635,0.1,33.0,0.99736,0.69,10.8,1
0.635,0.1,33.0,0.99736,0.69,10.8,1
0.59,0.06,18.0,0.9962,0.59,10.8,1
0.59,0.06,18.0,0.9962,0.59,10.8,1
0.58,0.2,115.0,0.998,0.59,9.5,0
0.54,0.27,78.0,0.9964,0.71,11.0,0
0.56,0.0,9.0,0.9948,0.54,11.5,0
0.52,0.13,61.0,0.99528,0.59,10.8,0
0.305,0.39,11.0,0.99331,0.52,11.5,0
0.38,0.48,11.0,0.99577,0.57,13.2,0
0.28,0.46,9.0,0.99901,0.6,10.9,0
0.46,0.44,8.0,0.99674,0.62,12.2,0
0.395,0.46,10.0,0.99639,0.64,12.2,1
0.305,0.39,11.0,0.99331,0.52,11.5,0
0.315,0.4,6.0,0.99512,0.67,11.9,0
0.715,0.19,62.0,0.99395,0.61,11.0,0
0.41,0.31,45.0,0.99824,0.64,10.1,0
0.36,0.32,79.0,0.9964,0.72,11.0,0
0.62,0.12,46.0,0.99504,0.89,11.8,0
0.41,0.37,23.0,0.99786,0.56,10.5,0
0.36,0.32,79.0,0.9964,0.72,11.0,0
0.62,0.12,46.0,0.99504,0.89,11.8,0
0.41,0.31,45.0,0.99824,0.64,10.1,0
0.47,0.27,28.0,0.99516,0.8,11.2,0
0.22,0.36,77.0,0.99604,0.87,11.0,1
0.24,0.33,73.0,0.99786,0.9,10.2,0
0.67,0.19,75.0,0.99736,0.59,9.2,0
0.47,0.27,28.0,0.99516,0.8,11.2,0
0.33,0.38,19.0,0.99468,0.73,12.0,1
0.61,0.01,25.0,0.99746,0.73,10.5,0
0.61,0.01,38.0,0.99748,0.65,9.8,0
0.4,0.29,66.0,0.9971,0.59,9.5,0
0.61,0.01,38.0,0.99748,0.65,9.8,0
0.61,0.01,25.0,0.99746,0.73,10.5,0
0.3,0.38,72.0,0.99543,0.72,11.8,0
0.3,0.38,72.0,0.99543,0.72,11.8,0
0.63,0.5,26.0,0.99791,0.6,10.4,0
0.38,0.38,42.0,0.99356,0.72,12.9,1
0.46,0.17,11.0,0.99425,0.54,11.4,0
0.33,0.52,25.0,0.99509,0.76,12.4,1
0.27,0.49,17.0,0.99484,0.52,12.5,1
0.43,0.4,52.0,0.99834,0.64,10.0,1
0.5,0.34,45.0,0.99864,0.6,9.7,1
0.3,0.49,24.0,0.99498,0.64,12.1,1
0.44,0.42,20.0,0.99566,0.79,11.1,1
0.44,0.58,24.0,0.99745,0.99,12.0,1
0.28,0.48,12.0,0.99408,0.62,12.4,1
0.12,0.45,21.0,0.99552,0.76,11.9,1
0.12,0.45,21.0,0.99552,0.76,11.9,1
0.12,0.45,21.0,0.99552,0.76,11.9,1
0.28,0.48,12.0,0.99408,0.62,12.4,1
0.31,0.4,10.0,0.99536,0.68,11.2,1
0.34,0.48,9.0,0.99458,0.69,12.1,1
0.43,0.4,11.0,0.99538,0.54,12.2,0
0.21,0.52,23.0,0.99648,0.67,10.4,0
0.36,0.52,10.0,0.99568,0.62,11.3,0
0.37,0.52,51.0,0.99613,0.58,11.1,0
0.57,0.12,36.0,0.99519,0.71,11.3,1
0.59,0.05,32.0,0.99735,0.61,10.0,0
0.47,0.27,38.0,0.99518,0.85,11.1,0
0.56,0.14,18.0,0.99592,0.62,9.3,0
0.57,0.02,16.0,0.99654,0.69,9.5,0
0.27,0.39,27.0,0.99546,0.69,11.2,0
0.47,0.27,38.0,0.99518,0.85,11.1,0
0.34,0.4,48.0,0.99554,0.86,11.0,0
0.38,0.41,10.0,0.99604,0.58,11.9,1
0.66,0.2,113.0,0.99733,0.48,9.2,0
0.4,0.43,46.0,0.9943,0.6,12.2,0
0.56,0.09,22.0,0.99669,0.61,10.2,0
0.26,0.48,10.0,0.99724,0.87,10.9,0
0.26,0.48,10.0,0.99724,0.87,10.9,0
0.38,0.5,13.0,0.99643,0.65,11.6,1
0.34,0.44,12.0,0.99605,0.63,10.7,0
0.33,0.41,13.0,0.99658,0.62,12.1,1
0.41,0.3,72.0,0.997,0.52,9.4,0
0.41,0.3,72.0,0.997,0.52,9.4,0
0.59,0.29,119.0,0.99801,0.5,9.1,0
0.4,0.32,29.0,0.99416,0.49,11.3,1
0.45,0.49,6.0,0.9969,0.63,10.4,0
0.5,0.3,17.0,0.99774,0.71,10.5,0
0.86,0.26,28.0,0.99712,0.62,10.0,0
0.52,0.32,70.0,0.99418,0.82,12.9,0
0.5,0.3,17.0,0.99774,0.71,10.5,0
0.45,0.49,6.0,0.9969,0.63,10.4,0
0.58,0.0,11.0,0.99562,0.58,11.3,0
0.34,0.39,7.0,0.9947,0.55,11.4,1
0.36,0.3,70.0,0.99693,0.5,9.4,0
0.39,0.12,27.0,0.99596,0.49,9.4,0
0.295,0.4,21.0,0.99556,0.51,10.9,0
0.39,0.12,27.0,0.99596,0.49,9.4,0
0.34,0.28,68.0,0.99694,0.48,9.4,0
0.4,0.1,47.0,0.99554,0.48,9.4,0
0.34,0.28,68.0,0.99694,0.48,9.4,0
0.35,0.45,88.0,0.99918,0.43,9.4,0
0.6,0.06,41.0,0.99697,0.62,10.1,0
0.66,0.0,11.0,0.99378,0.63,12.8,1
0.66,0.0,11.0,0.99378,0.63,12.8,1
0.84,0.34,10.0,0.99554,0.48,9.1,0
0.69,0.0,12.0,0.99162,0.53,12.9,0
0.43,0.3,12.0,0.99495,0.72,11.5,1
0.35,0.38,47.0,0.99676,0.82,10.6,1
0.29,0.33,27.0,0.99516,0.84,11.7,1
0.36,0.32,8.0,0.9928,0.55,12.8,1
0.43,0.29,45.0,0.99603,0.54,10.3,0
0.36,0.32,8.0,0.9928,0.55,12.8,1
0.29,0.33,27.0,0.99516,0.84,11.7,1
0.3,0.34,25.0,0.99516,0.84,11.7,1
0.35,0.4,24.0,0.99549,0.7,12.0,1
0.5,0.36,55.0,0.99722,0.68,10.9,0
0.28,0.45,12.0,0.99354,0.55,12.3,1
0.32,0.31,19.0,0.9957,0.55,10.4,0
1.005,0.15,32.0,0.99604,0.48,10.0,0
0.71,0.0,31.0,0.99635,0.58,10.0,0
0.58,0.16,7.0,0.99454,0.58,11.2,0
0.39,0.46,27.0,0.99598,0.84,11.4,0
0.38,0.4,28.0,0.99486,0.75,12.6,1
0.5,0.14,23.0,0.99636,0.61,10.4,0
0.36,0.66,8.0,0.99642,0.53,11.9,0
0.36,0.66,8.0,0.99642,0.53,11.9,0
0.51,0.09,9.0,0.99584,0.54,10.5,0
0.32,0.42,9.0,0.99506,0.55,12.3,0
0.58,0.01,18.0,0.99568,0.56,10.5,1
0.83,0.0,43.0,0.99822,0.6,10.4,0
0.31,0.32,36.0,0.99364,0.56,12.6,0
0.795,0.0,52.0,0.99378,0.52,11.6,0
0.34,0.21,68.0,0.99586,0.54,10.1,0
0.58,0.01,18.0,0.99568,0.56,10.5,1
0.59,0.0,14.0,0.99488,0.55,11.5,1
0.55,0.01,15.0,0.99514,0.58,11.0,1
0.82,0.0,14.0,0.99854,0.53,9.6,0
0.57,0.08,27.0,0.99592,0.59,10.4,0
0.745,0.18,48.0,0.99739,0.47,9.7,0
0.37,0.34,17.0,0.99683,0.65,10.6,1
0.31,0.34,35.0,0.99356,0.59,12.5,1
0.91,0.1,56.0,0.99672,0.56,9.2,0
0.41,0.41,42.0,0.9953,0.77,12.6,1
0.5,0.21,39.0,0.99692,0.83,11.1,0
0.965,0.0,32.0,0.99756,0.67,10.2,0
0.49,0.19,26.0,0.99547,0.64,9.8,0
0.5,0.21,39.0,0.99692,0.83,11.1,0
0.39,0.41,39.0,0.99859,0.81,10.9,1
0.39,0.33,53.0,0.99294,0.62,12.2,0
0.44,0.0,38.0,0.99438,0.58,11.4,0
0.78,0.0,45.0,0.99612,0.62,10.7,0
0.43,0.17,51.0,0.99634,0.64,10.4,0
0.49,0.36,14.0,0.99702,0.78,10.9,0
0.5,0.36,17.0,0.99704,0.77,10.8,0
0.43,0.17,51.0,0.99634,0.64,10.4,0
0.605,0.05,25.0,0.99258,0.55,12.9,0
0.33,0.42,20.0,0.99426,0.77,12.7,1
0.64,0.27,77.0,0.99747,0.62,9.1,0
0.64,0.27,77.0,0.99747,0.62,9.1,0
0.48,0.53,10.0,0.99586,0.59,12.1,1
0.42,0.25,90.0,0.99784,0.57,9.1,0
0.53,0.57,52.0,0.9971,0.76,11.6,1
0.48,0.53,10.0,0.99586,0.59,12.1,1
0.23,0.57,8.0,0.9981,0.7,9.9,0
0.4,0.5,16.0,0.99462,0.69,12.5,1
0.38,0.44,15.0,0.9956,0.64,11.4,0
0.29,0.65,17.0,0.99565,0.63,11.8,0
0.74,0.09,10.0,0.99418,0.57,11.8,0
0.61,0.18,20.0,0.9963,0.6,10.2,0
0.52,0.08,26.0,0.99358,0.72,12.5,1
0.31,0.53,10.0,0.99572,0.83,10.9,1
0.31,0.53,10.0,0.99572,0.83,10.9,1
0.62,0.35,52.0,0.997,0.62,10.8,0
0.33,0.45,37.0,0.99498,0.89,11.1,1
0.77,0.2,92.0,0.99892,0.58,9.2,0
0.35,0.26,75.0,0.9968,0.58,9.5,0
0.62,0.33,37.0,0.9972,0.58,10.7,0
0.77,0.2,92.0,0.99892,0.58,9.2,0
0.25,0.34,67.0,0.99769,0.86,10.2,1
0.32,0.56,8.0,0.99534,0.73,11.4,0
0.37,0.65,8.0,0.99817,0.58,11.0,0
0.37,0.65,8.0,0.99817,0.58,11.0,0
0.27,0.56,8.0,0.99471,0.51,11.8,0
0.38,0.3,70.0,0.99685,0.59,9.5,0
0.42,0.45,59.0,0.99617,0.77,12.0,0
0.38,0.3,70.0,0.99685,0.59,9.5,0
0.48,0.08,64.0,0.99529,0.49,9.6,0
0.34,0.4,9.0,0.99738,0.66,11.6,1
0.19,0.42,30.0,0.994,0.69,11.2,0
0.41,0.54,41.0,0.99735,0.76,9.9,1
0.41,0.54,41.0,0.99735,0.76,9.9,1
0.26,0.54,74.0,0.99451,0.63,11.8,1
0.34,0.42,19.0,0.99546,0.6,11.4,0
0.54,0.09,16.0,0.99479,0.59,11.5,0
0.31,0.36,31.0,0.99615,0.86,12.0,1
0.725,0.09,17.0,0.99655,0.49,10.8,0
0.4,0.47,20.0,0.99772,0.5,10.5,0
0.725,0.09,17.0,0.99655,0.49,10.8,0
0.52,0.38,18.0,0.99666,0.52,9.4,0
0.31,0.45,16.0,0.99358,0.81,12.5,1
0.52,0.38,18.0,0.99666,0.52,9.4,0
0.34,0.42,36.0,0.99392,0.78,12.4,0
0.49,0.27,25.0,0.99388,0.63,12.0,0
0.48,0.09,30.0,0.99402,0.54,11.2,0
0.49,0.27,25.0,0.99388,0.63,12.0,0
0.48,0.34,25.0,0.9936,0.66,12.4,0
0.57,0.28,49.0,0.99374,0.6,12.8,0
0.23,0.42,17.0,0.99376,0.54,12.3,0
0.3,0.41,24.0,0.99523,0.85,11.7,1
0.78,0.1,13.0,0.99855,0.49,9.5,0
0.47,0.43,66.0,0.9982,0.76,10.8,0
0.53,0.0,14.0,0.99593,0.64,10.0,0
0.42,0.27,55.0,0.99471,0.64,12.3,1
0.33,0.41,35.0,0.99396,0.71,11.0,0
0.24,0.39,10.0,0.99698,0.59,9.5,0
0.69,0.07,21.0,0.99572,0.6,11.3,0
0.69,0.07,21.0,0.99572,0.6,11.3,0
0.69,0.07,21.0,0.99572,0.6,11.3,0
0.39,0.12,24.0,0.99252,0.53,13.3,0
0.66,0.0,15.0,0.99256,0.58,12.9,0
0.54,0.34,17.0,0.99235,0.72,13.1,1
0.5,0.0,28.0,0.99352,0.55,12.3,0
0.47,0.0,33.0,0.9922,0.48,12.3,0
0.4,0.37,29.0,0.99674,0.65,11.2,0
0.58,0.0,13.0,0.99557,0.62,11.5,0
0.24,0.35,27.0,0.99394,0.59,11.3,1
0.29,0.26,11.0,0.9915,0.54,13.5,0
0.76,0.0,52.0,0.99379,0.6,11.5,0
0.43,0.33,89.0,0.9984,0.68,10.0,0
0.43,0.35,70.0,0.99798,0.69,10.5,0
0.6,0.0,10.0,0.9977,0.63,10.4,0
0.19,0.21,135.0,0.99341,0.44,9.5,0
0.36,0.34,38.0,0.9933,0.88,13.6,1
0.48,0.07,18.0,0.99684,0.68,11.2,1
0.28,0.35,15.0,0.99524,0.74,11.8,1
0.25,0.43,50.0,0.9946,0.6,11.9,0
0.52,0.45,13.0,0.99774,0.76,11.4,0
0.52,0.45,13.0,0.99774,0.76,11.4,0
0.41,0.15,94.0,0.99786,0.58,9.1,0
0.51,0.24,86.0,0.99764,0.64,9.5,0
0.4,0.3,79.0,0.9969,0.65,9.5,0
0.38,0.32,71.0,0.99624,0.85,11.0,0
0.45,0.11,12.0,0.99354,0.65,11.4,0
0.22,0.3,20.0,0.99672,0.82,10.0,0
0.32,0.23,70.0,0.99588,0.62,10.1,0
0.2,0.43,51.0,0.99672,0.81,10.4,0
0.5,0.12,21.0,0.996,0.87,9.8,0
0.41,0.45,14.0,0.99702,0.49,11.8,1
0.39,0.42,21.0,0.99526,0.66,11.6,0
0.35,0.47,11.0,0.99585,0.52,12.0,0
0.33,0.32,12.0,0.99473,0.76,12.8,1
0.58,0.23,70.0,0.99352,0.65,12.5,0
0.6,0.25,38.0,0.99616,0.53,9.8,0
0.42,0.35,38.0,0.99622,0.66,11.1,0
0.58,0.0,63.0,0.99544,0.68,11.4,0
0.6,0.25,38.0,0.99616,0.53,9.8,0
0.18,0.51,88.0,0.99524,0.76,11.8,1
0.51,0.18,101.0,0.9924,0.87,12.9,1
0.41,0.43,54.0,0.99572,1.16,10.6,0
0.41,0.43,37.0,0.99728,0.67,10.8,0
0.36,0.57,20.0,0.99676,0.72,11.1,1
0.45,0.43,21.0,0.99551,0.75,10.2,0
0.32,0.42,19.0,0.99434,0.71,11.8,1
0.785,0.24,21.0,0.99692,0.67,10.0,0
0.785,0.24,21.0,0.99692,0.67,10.0,0
0.44,0.5,38.0,0.99634,1.1,9.4,0
0.54,0.26,60.0,0.99709,0.98,10.2,0
0.33,0.39,48.0,0.99528,0.88,12.4,1
0.34,0.27,44.0,0.99384,0.56,12.0,0
0.5,0.29,14.0,0.99502,0.62,11.5,0
0.36,0.34,12.0,0.99667,0.67,10.5,0
0.59,0.0,44.0,0.99522,0.68,10.8,0
0.42,0.46,16.0,0.99649,0.74,12.3,0
0.36,0.31,65.0,0.99716,0.62,9.5,0
0.36,0.31,65.0,0.99716,0.62,9.5,0
0.61,0.0,59.0,0.99541,0.7,11.5,0
0.88,0.03,47.0,0.99572,0.5,11.2,0
0.66,0.0,11.0,0.99318,0.66,12.7,1
0.915,0.0,78.0,0.99346,0.73,11.4,0
0.35,0.33,47.0,0.99599,0.81,11.0,0
0.35,0.33,47.0,0.99599,0.81,11.0,0
0.39,0.43,11.0,0.99478,0.46,11.4,0
0.4,0.4,54.0,0.99754,0.86,10.5,0
0.66,0.07,61.0,0.99572,0.6,9.3,0
0.64,0.23,119.0,0.99538,0.7,10.9,0
0.43,0.3,39.0,0.99346,0.46,11.9,0
0.8,0.03,12.0,0.9963,0.5,12.2,0
0.43,0.3,39.0,0.99346,0.46,11.9,0
0.64,0.23,119.0,0.99538,0.7,10.9,0
0.955,0.05,19.0,0.99616,0.44,9.6,0
0.4,0.57,20.0,0.99652,0.57,12.5,0
0.885,0.0,12.0,0.99551,0.51,10.8,0
0.25,0.37,41.0,0.99439,0.8,12.4,1
0.885,0.0,12.0,0.99551,0.51,10.8,0
0.745,0.12,64.0,0.99588,0.59,9.5,0
0.43,0.22,56.0,0.99633,0.6,9.5,0
0.58,0.23,94.0,0.99686,0.58,9.5,0
0.57,0.21,9.0,0.99458,0.54,9.8,0
0.26,0.26,77.0,0.9951,0.79,10.9,0
0.58,0.23,94.0,0.99686,0.58,9.5,0
0.57,0.21,9.0,0.99458,0.54,9.8,0
0.34,0.36,10.0,0.99419,0.54,11.2,1
0.42,0.39,12.0,0.99516,0.69,11.7,1
0.74,0.19,76.0,0.99878,0.55,9.4,0
0.36,0.46,44.0,0.99534,0.85,11.0,1
0.36,0.46,44.0,0.99534,0.85,11.0,1
0.36,0.46,44.0,0.99534,0.85,11.0,1
0.72,0.55,52.0,0.99752,0.94,10.0,0
0.36,0.46,44.0,0.99534,0.85,11.0,1
0.39,0.43,24.0,0.99428,0.87,11.2,1
0.65,0.02,15.0,0.99498,0.62,10.4,0
0.44,0.15,53.0,0.9957,0.62,9.3,0
0.65,0.02,15.0,0.99498,0.62,10.4,0
0.38,0.42,13.0,0.99659,0.75,10.5,0
0.33,0.46,9.0,0.99628,0.48,10.4,0
0.27,0.46,29.0,0.99488,0.56,11.3,0
0.57,0.31,79.0,0.99677,0.69,9.5,0
0.34,0.37,74.0,0.99408,0.81,12.0,0
0.4,0.31,24.0,0.996,0.69,10.6,0
0.39,0.4,50.0,0.99478,0.83,10.9,0
0.32,0.52,44.0,0.99734,0.77,11.5,0
0.32,0.52,44.0,0.99734,0.77,11.5,0
0.53,0.22,89.0,0.99678,0.46,9.6,0
0.36,0.47,23.0,0.99638,0.76,12.0,0
0.39,0.49,20.0,0.9992,0.82,10.3,0
0.46,0.23,77.0,0.99922,0.51,9.4,0
0.58,0.03,46.0,0.99592,0.47,9.2,0
0.58,0.25,21.0,0.99769,0.72,9.6,0
0.42,0.0,88.0,0.99157,0.73,13.6,1
0.43,0.29,66.0,0.99718,0.64,9.5,0
0.18,0.34,58.0,0.9947,0.78,11.8,0
0.815,0.01,90.0,0.99621,0.62,10.8,0
0.43,0.29,66.0,0.99718,0.64,9.5,0
0.23,0.37,36.0,0.99614,0.49,9.3,0
0.75,0.01,18.0,0.99242,0.4,12.8,0
0.33,0.32,113.0,0.99572,0.56,11.5,0
0.55,0.0,17.0,0.99659,0.64,9.4,0
0.75,0.01,18.0,0.99242,0.4,12.8,0
0.73,0.0,24.0,0.99798,0.46,9.6,0
0.67,0.0,20.0,0.99488,0.56,11.8,0
0.61,0.2,60.0,0.99494,0.4,9.3,0
0.37,0.39,65.0,0.99729,0.59,9.8,0
0.4,0.41,40.0,0.99414,0.6,12.2,0
0.56,0.22,86.0,0.9983,0.62,9.5,0
0.55,0.19,34.0,0.99655,0.68,10.5,0
0.74,0.07,48.0,0.99502,0.48,10.0,0
0.55,0.19,34.0,0.99655,0.68,10.5,0
0.41,0.33,36.0,0.9949,0.75,11.1,0
0.6,0.01,37.0,0.99514,0.61,10.9,0
0.6,0.01,37.0,0.99514,0.61,10.9,0
0.58,0.14,60.0,0.9963,0.59,9.8,0
0.72,0.0,14.0,0.99627,0.58,9.8,0
0.66,0.0,13.0,0.99569,0.58,9.5,0
0.7,0.06,35.0,0.99628,0.69,10.9,0
0.64,0.02,46.0,0.99358,0.45,11.0,0
0.59,0.22,60.0,0.99499,0.42,9.2,0
0.58,0.28,69.0,0.99633,0.7,11.0,0
0.64,0.0,33.0,0.99538,0.63,11.3,0
0.64,0.0,33.0,0.99538,0.63,11.3,0
0.635,0.68,56.0,0.99632,1.15,9.3,0
1.02,0.0,24.0,0.99437,0.55,11.2,0
0.45,0.38,66.0,0.99726,0.58,9.8,0
0.78,0.0,26.0,0.9978,0.46,9.6,0
0.37,0.32,51.0,0.99456,0.72,11.8,0
0.57,0.05,36.0,0.99564,0.6,10.3,0
0.57,0.05,36.0,0.99564,0.6,10.3,0
0.43,0.5,19.0,0.996,0.87,11.4,0
0.41,0.31,51.0,0.99668,0.55,9.5,0
0.44,0.2,64.0,0.9935,0.57,11.7,0
0.46,0.0,44.0,0.99385,0.53,11.2,0
0.58,0.2,44.0,0.99494,0.43,9.3,0
0.58,0.13,36.0,0.9944,0.53,11.2,0
0.715,0.22,81.0,0.99688,0.54,9.5,0
0.4,0.4,10.0,0.99566,0.56,12.0,0
0.69,0.0,10.0,0.99636,0.6,9.7,0
0.715,0.22,81.0,0.99688,0.54,9.5,0
0.3,0.39,9.0,0.9948,0.57,11.5,1
0.46,0.2,54.0,0.9956,0.64,10.4,0
0.46,0.2,54.0,0.9956,0.64,10.4,0
0.765,0.0,22.0,0.99619,0.68,10.9,0
0.63,0.28,69.0,0.99734,0.63,10.2,0
0.42,0.19,36.0,0.99476,0.56,10.9,0
0.37,0.5,47.0,0.99734,0.57,10.5,0
0.16,0.44,31.0,0.99328,0.54,12.4,0
0.6,0.08,7.0,0.99286,0.37,13.0,0
0.74,0.0,12.0,0.99521,0.59,11.0,0
0.635,0.1,60.0,0.99638,0.75,10.9,0
0.395,0.13,28.0,0.99362,0.67,12.4,0
0.755,0.0,12.0,0.99672,0.49,9.7,0
0.635,0.1,60.0,0.99638,0.75,10.9,0
0.63,0.0,77.5,0.99558,0.45,9.5,0
0.63,0.0,77.5,0.99558,0.45,9.5,0
0.53,0.14,29.0,0.99323,0.61,12.1,0
0.6,0.0,18.0,0.99191,0.56,12.2,0
0.645,0.0,28.0,0.99444,0.61,12.5,0
0.86,0.07,57.0,0.99598,0.74,11.7,0
0.37,0.32,15.0,0.99576,0.8,11.2,0
0.28,0.44,68.0,0.99501,0.66,11.2,0
0.79,0.21,68.0,0.9955,0.44,9.2,0
0.61,0.26,88.0,0.99612,0.53,9.8,0
0.69,0.32,91.0,0.9979,0.62,10.1,0
0.68,0.09,29.0,0.99524,0.52,11.1,0
0.69,0.32,91.0,0.9979,0.62,10.1,0
0.62,0.1,63.0,0.996,0.61,9.2,0
0.61,0.26,88.0,0.99612,0.53,9.8,0
0.51,0.15,27.0,0.9929,0.59,12.8,0
0.36,0.21,65.0,0.99558,0.54,10.1,0
0.36,0.21,69.0,0.99556,0.53,10.1,0
0.63,0.27,91.0,0.99616,0.58,9.8,0
0.74,0.0,46.0,0.99258,0.59,12.5,0
0.44,0.46,41.0,0.99638,0.69,11.9,0
0.63,0.27,91.0,0.99616,0.58,9.8,0
0.66,0.34,88.0,0.99796,0.66,10.1,0
0.74,0.0,46.0,0.99258,0.59,12.5,0
0.34,0.42,18.0,0.99392,0.55,11.4,0
0.36,0.39,55.0,0.99495,0.82,11.0,1
0.46,0.24,34.0,0.9948,0.6,10.6,0
0.46,0.24,34.0,0.9948,0.6,10.6,0
0.46,0.24,34.0,0.9948,0.6,10.6,0
0.46,0.24,34.0,0.9948,0.6,10.6,0
0.52,0.11,38.0,0.9955,0.52,9.3,0
0.6,0.26,91.0,0.99616,0.56,9.8,0
0.6,0.26,91.0,0.99616,0.56,9.8,0
0.87,0.26,67.0,0.99668,0.46,9.2,0
0.39,0.1,25.0,0.99581,0.43,9.7,0
0.775,0.22,48.0,0.9976,0.51,9.6,0
0.835,0.0,11.0,0.99608,0.52,10.0,0
0.58,0.02,40.0,0.99387,0.66,12.6,0
0.5,0.0,26.0,0.99448,0.45,9.5,0
0.5,0.0,26.0,0.99448,0.45,9.5,0
0.5,0.0,26.0,0.99448,0.45,9.5,0
0.51,0.02,31.0,0.99538,0.54,10.5,0
0.51,0.02,31.0,0.99538,0.54,10.5,0
0.51,0.02,31.0,0.99538,0.54,10.5,0
0.54,0.02,31.0,0.99589,0.51,10.4,0
0.51,0.02,31.0,0.99538,0.54,10.5,0
0.42,0.48,20.0,0.99852,0.53,11.0,0
0.44,0.24,28.0,0.99613,0.53,10.2,0
0.59,0.01,13.0,0.99472,0.56,11.4,0
0.655,0.03,12.0,0.99587,0.39,9.5,0
0.655,0.03,12.0,0.99587,0.39,9.5,0
0.57,0.0,41.0,0.99518,0.52,10.8,0
0.6,0.29,73.0,0.99654,0.57,10.0,0
0.62,0.01,46.0,0.99332,0.51,11.8,0
0.645,0.03,57.0,0.9969,0.46,10.3,0
0.645,0.03,57.0,0.9969,0.46,10.3,0
0.58,0.03,28.0,0.99568,0.52,10.0,0
0.32,0.25,32.0,0.99464,0.44,10.1,0
0.34,0.25,28.0,0.99464,0.44,10.1,0
0.43,0.24,67.0,0.99648,0.59,11.1,0
0.64,0.17,98.0,0.99736,0.5,9.5,0
0.475,0.4,28.0,0.99704,0.65,10.0333333333333,0
0.54,0.31,38.0,0.99699,0.56,10.9,0
0.85,0.14,54.0,0.99724,0.54,10.1,0
0.475,0.4,28.0,0.99704,0.65,10.0333333333333,0
0.83,0.27,63.0,0.99652,0.48,9.8,0
0.605,0.02,31.0,0.995,0.53,11.8,0
0.5,0.09,42.0,0.9971,0.62,9.5,0
0.74,0.08,45.0,0.99576,0.5,9.8,0
0.77,0.32,74.0,0.99656,0.5,9.8,0
0.61,0.0,8.0,0.99396,0.37,10.4,0
0.58,0.56,14.0,0.99476,1.03,11.6,0
0.75,0.27,89.0,0.99664,0.45,9.3,0
0.56,0.26,100.0,0.99586,0.52,9.9,0
0.885,0.2,31.0,0.9946,0.46,10.0,0
0.49,0.26,74.0,0.9953,0.62,12.2,0
0.45,0.15,28.0,0.99609,0.51,9.9,0
0.57,0.02,35.0,0.99557,0.62,10.8,0
0.57,0.02,35.0,0.99557,0.62,10.8,0
0.83,0.09,25.0,0.99534,0.45,9.6,0
0.6,0.22,105.0,0.99613,0.49,9.9,0
0.6,0.22,105.0,0.99613,0.49,9.9,0
0.755,0.15,84.0,0.99593,0.5,9.5,0
0.81,0.25,85.0,0.99668,0.42,9.2,0
0.64,0.07,23.0,0.9961,0.58,9.6,0
0.64,0.07,23.0,0.9961,0.58,9.6,0
0.64,0.31,49.0,0.99718,0.68,10.3,0
0.48,0.02,111.0,0.99524,0.53,9.7,0
0.49,0.0,33.0,0.99292,0.59,12.5,0
0.64,0.22,33.0,0.99612,0.58,11.0,0
0.62,0.06,12.0,0.9942,0.48,9.8,0
0.52,0.25,59.0,0.99612,0.48,10.2,0
0.57,0.14,73.0,0.99669,0.48,9.2,0
0.685,0.1,12.0,0.99745,0.65,9.55,0
0.675,0.1,11.0,0.99745,0.65,9.55,0
0.59,0.26,104.0,0.99584,0.52,9.9,0
0.6,0.12,28.0,0.9966,0.62,10.2,1
0.67,0.0,24.0,0.9956,0.72,11.1,0
0.69,0.21,141.0,0.9962,0.51,9.9,0
0.69,0.21,141.0,0.9962,0.51,9.9,0
0.3,0.42,24.0,0.9963,0.82,11.9,0
0.33,0.33,13.0,0.996,1.1,10.0,1
0.5,0.39,46.0,0.9985,0.62,10.7,0
0.28,0.3,34.0,0.9952,0.9,11.3,1
0.24,0.34,22.0,0.9974,0.94,10.9,0
0.51,0.0,54.0,0.995,0.93,10.7,0
0.29,0.36,53.0,0.995,1.01,12.4,1
0.51,0.0,54.0,0.995,0.93,10.7,0
0.96,0.0,16.0,0.9936,0.44,11.9,0
0.47,0.4,19.0,0.9963,0.73,10.6,0
0.24,0.34,22.0,0.9974,0.94,10.9,0
0.57,0.25,89.0,0.9963,0.9,10.1,0
0.32,0.59,15.0,0.9994,0.78,9.6,0
0.58,0.0,18.0,0.9966,0.84,9.4,0
0.32,0.59,15.0,0.9994,0.78,9.6,0
0.34,0.33,37.0,0.9952,0.77,12.1,1
0.53,0.01,19.0,0.995,0.46,9.8,0
0.64,0.21,133.0,0.9956,0.45,9.9,0
0.53,0.01,19.0,0.995,0.46,9.8,0
0.4,0.18,58.0,0.9965,0.58,9.4,0
0.54,0.0,55.0,0.9956,0.84,11.4,0
0.53,0.09,31.0,0.9968,0.67,11.0,0
0.26,0.37,23.0,0.9974,0.7,9.6,0
0.26,0.37,23.0,0.9974,0.7,9.6,0
0.23,0.37,60.0,0.9971,0.71,12.1,0
0.41,0.33,23.0,0.9957,0.58,11.2,0
0.64,0.0,55.0,0.9962,0.63,11.0,0
0.18,0.4,67.0,0.996,0.93,11.3,0
0.41,0.24,47.0,0.9956,0.62,10.4,0
0.43,0.31,74.0,0.9958,0.54,9.9,0
0.44,0.0,11.0,0.9944,0.85,11.7,0
0.4,0.16,25.0,0.9955,0.74,10.1,1
0.38,0.38,90.0,0.99914,0.65,8.5,0
0.915,0.29,39.0,0.99577,0.54,11.1,0
0.59,0.0,8.0,0.996,0.47,10.3,0
0.67,0.02,92.0,0.99566,0.68,11.066666666666698,0
0.37,0.32,28.0,0.9947,0.73,11.3,1
0.785,0.19,98.0,0.99713,0.52,9.56666666666667,0
0.63,0.02,30.0,0.99712,0.75,9.8,0
0.58,0.2,22.0,0.99322,0.49,11.7,0
0.67,0.02,92.0,0.99566,0.68,11.1,0
0.785,0.19,98.0,0.99713,0.52,9.6,0
0.63,0.02,30.0,0.99712,0.75,9.8,0
0.67,0.0,39.0,0.99701,0.74,9.7,0
0.58,0.01,54.0,0.99683,0.73,9.7,0
0.38,0.31,29.0,0.99472,0.76,11.3,1
0.37,0.32,28.0,0.9947,0.73,11.3,1
0.32,0.44,17.0,0.99732,0.78,11.0,1
0.58,0.02,53.0,0.99374,0.76,11.6,1
0.49,0.33,85.0,0.99706,0.58,9.0,0
0.45,0.63,23.0,0.99974,0.69,10.9,0
0.9,0.0,17.0,0.99467,0.63,10.9,0
0.54,0.06,89.0,0.99236,0.5,10.55,0
0.49,0.33,85.0,0.99706,0.58,9.0,0
0.29,0.4,20.0,0.99603,0.6,10.5,0
0.2,0.35,15.0,0.99458,0.8,11.9,1
0.42,0.09,64.0,0.99724,0.68,10.4,0
0.785,0.0,13.0,0.99664,0.61,10.0,0
0.64,0.03,31.0,0.99545,0.58,10.4,0
0.63,0.01,39.0,0.99522,0.53,10.8,0
0.59,0.1,53.0,0.9958,0.67,9.7,0
0.59,0.1,53.0,0.9958,0.67,9.7,0
0.48,0.32,54.0,0.99728,0.65,10.0,1
1.04,0.08,32.0,0.99648,0.57,11.0,0
0.48,0.32,54.0,0.99728,0.65,10.0,1
0.69,0.11,24.0,0.99578,0.47,9.7,0
0.7,0.08,16.0,0.99334,0.52,12.6,0
0.35,0.6,44.0,0.99656,0.79,11.1,0
0.6,0.08,45.0,0.99336,0.54,11.0,0
0.47,0.11,89.0,0.99182,0.88,13.566666666666698,1
0.47,0.11,89.0,0.99182,0.88,13.6,1
0.28,0.6,22.0,0.99828,0.68,10.6,0
0.62,0.03,13.0,0.99498,0.62,10.1,0
0.28,0.6,22.0,0.99828,0.68,10.6,0
0.58,0.54,9.0,0.99719,0.57,10.3,0
0.33,0.44,12.0,0.99542,0.61,10.7,0
0.91,0.06,11.0,0.99592,0.64,10.9,0
0.655,0.16,25.0,0.99606,0.55,9.7,0
0.68,0.21,23.0,0.99546,0.6,10.3,0
0.64,0.05,17.0,0.99496,0.78,10.6,0
0.54,0.04,13.0,0.9942,0.58,11.4,0
0.57,0.1,11.0,0.99448,0.76,10.8,0
0.22,0.49,18.0,0.99344,0.56,12.4,0
0.54,0.04,13.0,0.9942,0.58,11.4,0
0.65,0.06,18.0,0.99348,0.54,11.95,0
0.31,0.09,28.0,0.99459,0.7,10.0,1
0.43,0.02,28.0,0.99492,0.81,10.6,0
0.74,0.03,16.0,0.99508,0.63,11.5,0
0.895,0.04,13.0,0.99582,0.58,10.8,0
0.74,0.03,16.0,0.99508,0.63,11.5,0
0.725,0.04,15.0,0.99508,0.53,9.6,0
0.82,0.29,64.0,0.99642,0.53,9.4,0
0.585,0.18,60.0,0.99638,0.54,9.8,0
0.44,0.39,14.0,0.99555,0.69,11.0,0
0.38,0.57,12.0,0.99605,0.55,11.4,0
0.81,0.05,14.0,0.99562,0.66,10.8,0
0.38,0.57,12.0,0.99605,0.55,11.4,0
0.27,0.6,25.0,0.99814,0.72,10.6,0
0.18,0.4,20.0,0.9941,0.7,11.1,0
0.36,0.21,48.0,0.99661,0.77,9.7,0
0.69,0.04,27.0,0.99712,0.67,9.8,0
0.79,0.04,17.0,0.99588,0.65,10.4,0
0.56,0.15,65.0,0.99294,0.6,10.5,0
0.84,0.21,65.0,0.99842,0.72,9.23333333333333,0
0.84,0.21,65.0,0.99842,0.72,9.25,0
0.32,0.25,58.0,0.99633,0.97,10.6,0
0.53,0.06,44.0,0.99489,0.83,10.3,0
0.47,0.46,20.0,0.99647,0.63,10.5,0
0.7,0.08,27.0,0.99665,0.58,10.2,0
0.53,0.06,44.0,0.99489,0.83,10.3,0
0.48,0.2,23.0,0.99585,0.43,9.05,0
0.32,0.25,58.0,0.99633,0.97,10.6,0
0.48,0.25,61.0,0.9953,0.6,10.4,0
0.42,0.19,47.0,0.99522,0.78,10.0,0
0.48,0.08,34.0,0.99552,0.64,9.7,0
0.47,0.08,38.0,0.99553,0.65,9.6,0
0.53,0.07,24.0,0.9951,0.66,10.8,0
0.29,0.49,59.0,0.99714,0.67,10.1,0
0.69,0.08,52.0,0.99608,0.6,10.2,0
0.44,0.09,18.0,0.99444,0.69,11.3,0
0.705,0.1,28.0,0.99631,0.66,10.2,0
0.53,0.13,22.0,0.99573,0.68,9.9,0
0.39,0.3,84.0,0.99717,0.61,9.0,0
0.56,0.14,29.0,0.99397,0.62,11.7,1
0.55,0.13,35.0,0.9959,0.59,9.7,0
0.53,0.08,45.0,0.99528,0.68,10.3,0
0.58,0.08,31.0,0.99484,0.64,10.2,0
0.64,0.09,26.0,0.99538,0.63,12.0,0
0.39,0.32,60.0,0.99714,0.78,9.9,0
0.52,0.08,32.0,0.99646,0.63,11.6,0
0.25,0.29,49.0,0.99666,0.76,10.9,1
0.855,0.02,38.0,0.99472,0.56,10.75,0
0.44,0.42,19.0,0.99758,0.57,10.4,0
0.37,0.43,19.0,0.9955,0.81,11.2,1
0.63,0.33,28.0,0.99531,0.64,10.1,0
0.57,0.02,26.0,0.99575,0.61,10.2,0
0.6,0.1,26.0,0.99306,0.51,12.1,0
0.4,0.5,50.0,0.99783,0.58,10.4,0
0.36,0.3,24.0,0.99419,0.7,11.4,1
0.68,0.0,26.0,0.99783,0.53,9.5,0
0.67,0.0,27.0,0.99768,0.54,9.4,0
0.68,0.01,54.0,0.99586,0.66,11.3,0
0.735,0.0,28.0,0.99765,0.6,9.4,0
0.855,0.02,23.0,0.99627,0.6,11.0,0
0.56,0.17,24.0,0.99514,0.68,10.55,1
0.88,0.04,20.0,0.99636,0.56,9.9,0
0.855,0.02,23.0,0.99627,0.6,11.0,0
0.63,0.33,115.0,0.99787,0.56,9.5,0
0.6,0.26,131.0,0.99622,0.52,9.9,0
0.6,0.26,131.0,0.99622,0.52,9.9,0
0.6,0.26,131.0,0.99622,0.52,9.9,0
0.695,0.13,20.0,0.99546,0.54,10.1,0
0.695,0.13,20.0,0.99546,0.54,10.1,0
0.695,0.13,20.0,0.99546,0.54,10.1,0
0.67,0.02,42.0,0.99489,0.82,10.9,0
0.16,0.64,52.0,0.99494,0.71,11.2,0
0.695,0.13,20.0,0.99546,0.54,10.1,0
0.56,0.13,42.0,0.99629,0.59,9.2,0
0.51,0.14,34.0,0.99396,0.57,11.5,0
0.36,0.53,35.0,0.9934,0.93,12.4,0
0.38,0.14,25.0,0.99514,0.65,11.1,0
0.69,0.32,104.0,0.99632,0.51,9.5,0
0.58,0.2,50.0,0.99467,0.67,12.5,0
0.31,0.78,92.0,0.99677,0.48,10.5,0
0.52,0.4,20.0,0.99474,0.64,11.8,0
0.3,0.63,29.0,0.99588,0.78,10.8,0
0.7,0.15,27.0,0.99622,0.6,11.9,0
0.67,0.15,20.0,0.9954,0.67,11.3,0
0.56,0.09,32.0,0.99402,0.6,11.3,0
0.35,0.33,26.0,0.9947,0.6,11.9,0
0.56,0.09,32.0,0.99402,0.6,11.3,0
0.715,0.1,27.0,0.99362,0.5,11.9,0
0.46,0.29,98.0,0.99578,0.62,9.8,0
0.32,0.44,34.0,0.99484,0.8,11.6,1
0.39,0.44,48.0,0.99494,0.84,11.5,0
0.31,0.41,60.0,0.99492,0.85,11.4,0
0.61,0.11,28.0,0.99483,0.66,10.9,0
0.66,0.33,102.0,0.99414,0.78,12.8,0
0.725,0.2,79.0,0.9977,0.54,9.2,0
0.55,0.15,35.0,0.99314,0.82,11.6,0
0.74,0.09,26.0,0.99402,0.56,11.6,0
0.51,0.13,40.0,0.99574,0.75,11.0,0
0.62,0.08,38.0,0.99651,0.82,9.5,0
0.6,0.08,44.0,0.9949,0.58,10.5,0
0.55,0.1,51.0,0.99512,0.76,11.2,0
0.51,0.13,40.0,0.99574,0.75,11.0,0
0.645,0.12,44.0,0.99547,0.71,10.2,0
0.31,0.47,42.0,0.99549,0.66,11.0,0
